{"cameraMode":{"drawMode":0,"name":"Shaded","section":"Shading Mode"},"sceneLighting":false,"audioPlay":false,"sceneViewState":{"showFog":true,"showMaterialUpdate":true,"showSkybox":true,"showFlares":true,"showImageEffects":true,"showParticleSystems":true},"in2DMode":false,"pivot":{"x":-1.83452308177948,"y":1.1522548198699952,"z":-0.023679260164499284},"rotation":{"x":-0.009567882865667344,"y":-0.411842405796051,"z":-0.004324520938098431,"w":0.9111946225166321},"size":50.668701171875,"orthographic":false}